id	inquiry_category	general_template
1	이용권 구매 방법	안녕하세요, Wavve(웨이브)입니다.\n\n문의하신 구매 방법 안내드립니다.  \n\nWavve(웨이브) 이용권은 구매처에 따라 금액 및 방법이 다를 수 있습니다. \n아래 내용을 참고하여 가장 편리한 방법으로 이용해 보시기 바랍니다.\n\n■ Wavve(웨이브) 이용권 구매 방법 안내\n\n1. 기기별 구매 경로\n    ① 모바일 웹(Web): 우측 상단 [사람 모양 아이콘] → 이용권 선택 후 원하는 상품 구매\n    ② PC: 우측 상단 [이용권] 메뉴 선택 → 원하는 상품 구매\n    ③ TV: 메뉴 → MY → 이용권 구매\n\n 2. 제휴사 결합 상품 구매\n    ① 통신사 상품 : SKT, KT, 알뜰폰, 스카이라이프 등 각 통신사를 통해 구매 가능합니다.\n    ② 결합 상품 : TVING, 벅스(Bugs), FLO 상품은 Wavve 사이트 내 이용권 구매 페이지에서 구매하실 수 있습니다.\n\n3. 구매 시 유의 사항 (꼭 확인해 주세요!)\n    ① 모바일 앱(iOS 인앱 결제 등)에서 구매 시 해외 수수료가 포함된 금액으로 결제될 수 있습니다. \n        PC 또는 모바일 웹에서 구매하시면 더욱 경제적으로 이용하실 수 있습니다.\n    ② 더블 이용권(Wavve x TVING)은 현재 Wavve Mobile App(iOS, Android),\n        Apple TV, Android TV에서는 구매가 불가능합니다\n\n■ Wavve(웨이브) 개별 구매 상품 구매 방법 안내\n\n1. 기기별 구매 경로\n    ① 모바일 웹(Web): 우측 상단 [사람 모양 아이콘] → 이용권 선택 후 원하는 상품 구매\n    ② PC: 우측 상단 [이용권] 메뉴 선택 → 원하는 상품 구매\n    ③ TV: 메뉴 → MY → 이용권 구매\n\n2. 구매 시 유의 사항 (꼭 확인해 주세요!)\n    ① iOS 기기에서는 [개별 구매]가 불가하므로, 모바일 웹(Web) 또는 PC에서 구매해 주시기 바랍니다.\n    ② Android 기기에서는 구글 플레이를 통해 코인을 충전한 후 [개별 구매]가 가능합니다.\n        코인 충전 시 해외 결제 수수료가 발생할 수 있으니 이용에 참고해 주시기 바랍니다.\n\n앞으로 더욱 노력하는 Wavve(웨이브)가 되겠습니다.\n감사합니다.
2	아이디찾기/비밀번호 재설정	안녕하세요, Wavve(웨이브)입니다.\n\n문의하신 아이디 / 비밀번호 재설정 방법 안내드립니다.  \n\n아이디와 비밀번호를 찾으려면 로그인 화면에서 아이디와 비밀번호를 입력한 후,\n[아이디 찾기] 또는 [비밀번호 재설정]을 클릭하면 됩니다.\n\n상세 [아이디 찾기]와 [비밀번호 재설정] 방법은 아래와 같습니다.  \n\n■ 아이디 찾는 방법\n1. 본인 인증으로 찾기\n    - 본인 인증된 아이디 1개만 확인되며, 전체 아이디 또는 SNS 계정 여부를 확인할 수 있습니다. \n    - 경로 : [로그인] 클릭 → 아이디 찾기 → 본인 인증으로 찾기(휴대폰 인증 또는 아이핀 인증) \n2. 본인 인증되지 않은 [간편 아이디 찾기] \n    ① 뒷 3자리 마스킹된 아이디 또는  SNS 계정 여부를 확인할 수 있습니다. \n    ② 경로 : [로그인] 클릭 → 아이디 찾기 → 상단의 [간편 찾기] 선택\n        - 휴대폰 번호 = 성함 + 연락처 혹은\n        - 이메일 주소 = 성함 + 이메일 기재 후 (확인)\n\n■ 비밀번호 재설정 방법 \n1. 본인 인증으로 재설정 \n   - 경로 : [로그인] 클릭 → 비밀번호 재설정 → 본인 인증(휴대폰 인증 또는 아이핀 인증)  \n2. 본인 인증되지 않은 [간편 아이디] 재설정 \n    ① ID 회원 \n       - 경로 : [로그인] 클릭 → 비밀번호 재설정 → 회원 등록 정보 → ID 회원 \n       - 등록된 휴대폰 번호 또는 이메일 주소 선택 입력 후 수신된 인증 번호 입력하여 비밀번호 재설정 \n    ② 이메일 회원 \n    ① ID 회원 \n       - 경로 : [로그인] 클릭 → 비밀번호 재설정 → 회원 등록 정보 → 이메일 회원\n       - 등록된 휴대폰 번호 또는 이메일 주소 선택 입력 후 수신된 인증 번호 입력하여 비밀번호 재설정 \n3. 로그인되어 있는 상태에서 재설정 \n    - 모바일 웹/PC : MY - 회원정보 수정\n    - 모바일 앱 : MY - 프로필 이미지 - 회원 정보 수정 - 비밀번호 변경\n\nSNS 연동 아이디를 사용하시는 경우, 카카오, 네이버, 티월드, 페이스북, 애플 아이디 사이트에서\n직접 ‘아이디 찾기’ 기능을 이용해 확인할 수 있습니다\n\n앞으로 더욱 노력하는 Wavve(웨이브)가 되겠습니다.\n감사합니다.
3	이용권 종류	안녕하세요, Wavve(웨이브)입니다.\n\n문의하신 이용권 종류 안내드립니다.  \n\n1. Wavve x TVING 더블 이용권 (결합 상품)\n    ① 더블 광고형 스탠다드 (월 7,000원)\n        - 동시 시청 2대, FHD / 고화질 지원, 모바일+PC+TV 이용 가능, 다운로드 15회 제공\n    ② 더블 슬림 (월 9,500원)\n        - 동시 시청: 웨이브 1대 / 티빙 2대\n        - 디바이스: 웨이브(모바일+PC) / 티빙(모바일+PC+TV)\n        - 화질: 웨이브 HD / 티빙 고화질\n        - 다운로드: 웨이브 무제한 / 티빙 15회 제공\n    ③ 더블 베이직 (월 13,500원)\n        - 동시 시청 1대, HD/일반 화질 지원\n        - 디바이스: 웨이브(모바일+PC) / 티빙(모바일+PC+TV)\n        - 다운로드: 웨이브 무제한 / 티빙 200회 제공\n    ④ 더블 스탠다드 (월 15,000원)\n        - 동시 시청 2대, FHD / 고화질 지원, 모바일+PC+TV 이용 가능\n        - 다운로드: 웨이브 무제한 / 티빙 300회 제공\n    ⑤ 더블 프리미엄 (월 19,500원)\n        - 동시 시청 4대, 최고 화질(4K 일부) 지원, 모바일+PC+TV 이용 가능\n        - 다운로드: 웨이브 무제한 / 티빙 400회 제공\n\n2. Wavve 단독 이용권\n    ① 광고형 스탠다드 (월 5,500원)\n        - 동시 시청 2대, FHD 화질 지원, 모바일+PC+TV 이용 가능, 다운로드 15회 제공\n    ② 베이직 (월 7,900원)\n        - 동시 시청 1대, HD 화질 지원, 모바일+PC 이용 가능, 다운로드 무제한(모바일 앱)\n    ③ 스탠다드 (월 10,900원)\n        - 동시 시청 2대, FHD 화질 지원, 모바일+PC+TV 이용 가능, 다운로드 무제한\n    ④ 프리미엄 (월 13,900원)\n        - 동시 시청 4대, 최고화질(4K 일부) 지원, 모바일+PC+TV 이용 가능, 다운로드 무제한\n\n3. 이용 시 유의 사항\n    ① 광고형 스탠다드\n        - LG TV WebOS 4.0 미만 버전이나 차량 인포테인먼트(IVI)에서는 재생이 불가합니다.\n        - 애플 AirPlay, 구글 캐스팅 등 미러링 기능과 타임머신, PIP 기능은 지원되지 않습니다.\n        - 제작사 요청에 따라 일부 콘텐츠 시청이 제한될 수 있습니다.\n    ② 공통 사항\n        - 더블 이용권은 Apple TV+ 등 일부 콘텐츠가 제공 범위에서 제외될 수 있습니다.\n        - 앱스토어(iOS/Android) 결제 시 수수료가 포함될 수 있으므로, 웹(Web) 사이트 구매를 권장합니다.\n\n앞으로 더욱 노력하는 Wavve(웨이브)가 되겠습니다.\n감사합니다.
4	회원 정보 변경	안녕하세요, Wavve(웨이브)입니다.\n\n문의하신 회원 정보 변경에 대한 안내드립니다.  \n\n회원 정보 변경은 항목별 아래와 같이 변경이 가능합니다. \n\n1. 아이디 변경\n- 아이디 형태: 이메일 형식의 일반 아이디는 변경할 수 있으나, SNS 연동 아이디는 변경이 불가합니다.\n- 변경 기준: 아이디 변경 시에는 이메일 주소 형식으로만 설정 가능합니다.\n- 재가입 : 기존 아이디를 탈퇴 후 재가입하더라도 동일한 아이디로 즉시 가입할 수 있습니다.\n- 이메일 인증: 최초 가입 시에는 인증 없이 가입 가능하지만, 아이디 변경 시에는 이메일 인증이 필수입니다.\n- 횟수 및 복구: 변경 횟수 제한은 없으나, 변경 후 이전 아이디로의 복구는 어렵습니다.\n\n2. 이메일 주소 변경 \n- 이메일 형식 아이디: 아이디 자체가 이메일인 경우, 아이디를 변경해야 이메일 주소도 함께 변경됩니다.\n- 그 외 아이디: 이메일 형식 외 일반 아이디나 SNS 연동 아이디는 이메일 주소만 별도로 변경 가능합니다.\n\n3. 휴대폰 번호 변경\n- 본인 인증 시 자동으로 기입되며, 번호 변경 시 추가 인증 과정이 진행됩니다.\n- iOS 기기 이용자 : 모바일 웹 또는 PC에서 로그인하여 본인 인증을 진행해 주시기 바랍니다.\n\n4. 참고 사항 \n- 본인 인증 정보 : 본인 인증을 완료한 아이디는 이름과 생년월일 변경이 불가능합니다. \n                         단, '개인 정보 초기화' 기능을 통해 초기화 후 다시 본인 인증을 \n                         완료하면 정보를 변경할 수 있습니다.\n- SNS 연결 관리 : [SNS 연결 관리] 메뉴를 통해 일반 아이디에 SNS 계정을 연결하거나, \n                        SNS 연동 가입 후 일반 아이디를 추가 생성하여 더욱 편리하게 로그인할 수 있습니다.\n\n[변경 경로]\n- 모바일 APP기준 : 로그인 > 하단 MY > 오른쪽 상단 설정(톱니바퀴) > 회원 정보 수정\n- PC / 모바일 Web 기준 : 오른쪽 상단 프로필명 > 회원 정보 수정 \n\n앞으로 더욱 노력하는 Wavve(웨이브)가 되겠습니다.\n감사합니다.
5	탈퇴 방법	안녕하세요, Wavve(웨이브)입니다.\n\n문의하신 탈퇴 방법 안내드립니다. \n\n1. 탈퇴 경로\n   - 모바일 앱 / Web : 우측 하단 MY → 상단 이름(프로필) 선택 → 회원정보 수정 → 회원탈퇴\n   - PC : 우측 상단 이름(프로필) 선택 → 회원정보 수정 → 회원탈퇴\n   - 스마트 TV : 고객센터 > [회원탈퇴하기] 버튼을 클릭하면 QR코드 노출 → 홈페이지 연결 \n2. 탈퇴 시, 유의 사항 \n   - 데이터 삭제: 탈퇴 즉시 보유 중인 이용권, 영구 소장 영화, 개별 구매 콘텐츠, 코인이 모두 소멸되며 복구가 불가능합니다.\n   - 정보 복구 불가: 탈퇴 후에는 기존 회원 정보를 복원할 수 없습니다. 단, 동일한 아이디로 즉시 재가입은 가능합니다.\n   - 인앱 결제 이용자(구글/애플): 인앱 결제 이용권을 보유 중인 경우 시스템상 즉시 탈퇴가 어렵습니다.\n      (탈퇴 후에도 자동 결제가 발생할 수 있으므로, 반드시 구매처인 앱스토어 또는 구글 플레이스토어에서 \n      직접 '구독 해지'를 완료하신 후 탈퇴해 주시기 바랍니다.)\n   - 자사 결제가 아닌 제휴 이용권 보유 시 탈퇴 불가 : 구매처로 문의하여 상품 해지 필요 \n     (제휴 상품 : 벅스 / 스카이라이프 / 통신사(SKT, KT 알뜰폰, SK7mobile) / FLO / 더블 이용권 등) \n\n앞으로 더욱 노력하는 Wavve(웨이브)가 되겠습니다.\n감사합니다.
6	프로필 기능 문의	안녕하세요, Wavve(웨이브)입니다.\n\n문의하신 <프로필 기능>에 대해 아래와 같이 안내드립니다. \nWavve는 고객님의 이용 편의를 위해 프로필 기능을 단계적으로 업데이트하였습니다.\n\n[주요 업데이트 기능 안내]\n1. 프로필 4개 기본 제공 (2025년 12월 2일 적용)\n   - 보유하신 이용권 종류와 관계없이 모든 계정에 프로필이 4개까지 기본 생성 및 노출됩니다.\n   - 단, 동시 시청 가능 인원수는 기존과 동일하게 보유하신 이용권 기준으로 유지됩니다. \n     (예: 베이직 이용권은 프로필이 4개여도 동시 시청은 1명만 가능)\n   - 상세 내용은 **[FAQ]**를 참고바랍니다. \n\n2. 프로필별 잠금 기능 (2025년 12월 4일 적용)\n   - 각 프로필에 개별 비밀번호를 설정하여 프라이버시를 보호할 수 있습니다.\n   - 설정 경로: 프로필 이미지 선택 > [프로필 잠금] > 비밀번호 설정 및 해제\n\n[참고 사항]\n   - 기본 제공되는 4개의 프로필은 삭제가 되지 않는 점 양해 부탁드립니다.\n   - 프로필 비밀번호는 4자리 숫자로 설정 가능하며, '0000'은 보안상 사용이 불가합니다.\n\n앞으로 더욱 노력하는 Wavve(웨이브)가 되겠습니다. \n감사합니다.
7	개명	안녕하세요, Wavve(웨이브)입니다. \n\n문의하신 개명에 따른 성함 변경 방법을 안내드립니다.\n\nWavve(웨이브)는 본인 인증을 완료한 아이디의 개인정보 초기화 기능을 제공하고 있습니다.\n\n아래 경로를 통해 개인정보를 초기화하신 후, \n다시 **[본인 인증]**을 진행하시면 변경된 성함으로 반영됩니다.\n\n[경로]\n- 모바일 앱 / Web : 로그인 > 하단 MY > 오른쪽 상단 설정(톱니바퀴) > 회원 정보 수정 > 개인정보 초기화\n- PC : 오른쪽 상단 프로필명 > 회원 정보 수정 > 개인정보 초기화\n\n앞으로 더욱 노력하는 Wavve(웨이브)가 되겠습니다. \n감사합니다.
8	본인 인증 방법	안녕하세요, Wavve(웨이브)입니다.\n\n문의하신 본인 인증 및 개인 정보 초기화에 대해 안내드립니다.  \n\n- 본인인증: 회원가입 시 인증 단계를 건너뛴 경우, 마이페이지에서 추가로 본인인증을 진행할 수 있습니다.\n- 개인정보 초기화: 본인인증 완료 후 계정을 변경하거나 기존 정보를 삭제해야 할 경우, 초기화 기능을 이용하시기 바랍니다.\n- 인증 수단: 휴대폰 본인확인 또는 아이핀(i-PIN)을 통해 인증이 가능합니다.\n- 인증 제한: 다수의 계정을 보유하고 있더라도, 본인인증은 1개의 계정에서만 가능합니다. (1인 1계정 인증 원칙)\n- iOS(아이폰) 이용 안내: iOS 모바일 앱에서는 본인인증이 지원되지 않습니다. PC 또는 모바일 웹(Web) 버전에 접속하여 인증 바랍니다.  \n- 정보 자동 반영: 본인인증이 완료되면 이름, 성별, 생년월일, 휴대폰 번호는 회원 정보에 자동으로 입력(업데이트)됩니다.\n\n[변경 경로]\n- 모바일 APP기준 : 로그인 > 하단 MY > 오른쪽 상단 설정(톱니바퀴) > 회원 정보 수정\n- PC / 모바일 Web 기준 : 오른쪽 상단 프로필명 > 회원 정보 수정 "\n\n앞으로 더욱 노력하는 Wavve(웨이브)가 되겠습니다.\n감사합니다.
9	성인 인증	안녕하세요, Wavve(웨이브)입니다.\n\n문의하신 [성인 비밀번호] 관련 안내드립니다.\n\nWavve(웨이브)는 청소년을 유해 콘텐츠로부터 보호하기 위해\n「정보통신망 이용촉진 및 정보보호 등에 관한 법률」 및 「청소년 보호법」에 따라 서비스를 운영하고 있습니다. \n이에 따라 만 14세 이상부터 가입이 가능하며, 해당 연령 이상의 이용을 권장드립니다.\n\n[성인 비밀번호 안내]\n- 성인 비밀번호가 설정되지 않은 경우, 성인인증 후 비밀번호 생성이 가능합니다.\n- 비밀번호 생성 후에는 [비밀번호 변경] 또는 [비밀번호 초기화]를 통해 새로운 비밀번호를 설정할 수 있습니다.\n- 성인 비밀번호는 여성가족부 권고사항에 따라 연 1회 재인증이 필요합니다.\n\n[성인 비밀번호 설정 경로] \n- 모바일 앱/Web: 로그인 > 하단 [MY] > 우측 상단 [설정(톱니바퀴)] > [자녀 보호 설정]\n- PC: 우측 상단 [프로필명] > [자녀 보호 설정]\n\n[참고 사항] \n- 스마트 TV는 불특정 다수가 함께 사용하는 패밀리 기기로 분류됩니다.\n- 성인 비밀번호는 프로필을 변경하거나 앱을 종료하지 않는 한\n  한 번 입력 시 24시간 동안(TV는 2시간) 다시 묻지 않습니다.\n- 모바일/PC에서 잠금을 해제하더라도 스마트 TV 앱 내의 성인 콘텐츠 잠금은 해제되지 않습니다.\n\n앞으로 더욱 노력하는 Wavve(웨이브)가 되겠습니다. \n감사합니다.
10	[SKT] 계정 연결 방법	안녕하세요, Wavve (웨이브)입니다.\n\n[SKT 부가서비스]로 Wavve (웨이브)상품을 가입 후 반드시 \nWavve 계정과 **[연결하기]**를 완료해 주셔야 합니다. \n\n혹시 아래 절차대로 연결을 진행하셨는지 확인 부탁드립니다.\n\n■ 부가서비스 & Wavve 연결 방법\n① 안내 문자 확인: 우주패스 가입 후 수신된 문자(SMS) 내 연결 URL 선택\n② 휴대폰 인증 \n③ Wavve (웨이브)아이디로 로그인 시, 이용권이 지급되어 이용 가능 \n\n■ 우주패스 & Wavve 연결 방법\n① 안내 문자 확인: 우주패스 가입 후 수신된 문자(SMS) 내 연결 URL 선택\n② T월드 로그인: 본인의 T월드 계정으로 로그인\n    - 연결 경로: T월드 하단 [MY] → [나의 구독] → [구독 관리] → Wavve [연결하기] 선택\n    - 계정 연동: 연결할 Wavve 아이디와 비밀번호를 입력하여 로그인 완료\n\n앞으로 더욱 노력하는 Wavve(웨이브)가 되겠습니다.   \n감사합니다.   
11	[티빙] 더블이용권 계정 연결 방법	안녕하세요, Wavve(웨이브)입니다.\n\n문의하신 더블 이용권 계정 연결에 대해 안내드립니다. \n계정 연결 방법과 연결된 계정 정보 확인 방법을 안내해 드리니, 아래 내용을 확인해 주시기 바랍니다.\n\n■ 더블 이용권 계정 연결 방법\n1. 구매 완료 화면에서 바로 연결할 경우\n    ① 구매 완료 화면에서 [TVING 계정 연결하기] 선택\n    ② 원하는 TVING 계정에 로그인 또는 신규 회원 가입하여 연결\n\n2. 구매 시 연결하지 못해 나중에 연결할 경우\n    ① 더블 이용권을 구매한 계정으로 Wavve PC Web (www.wavve.com) 또는 Mobile Web (m.wavve.com)에 로그인 \n    ② [MY] 메뉴 → [나의 이용권] 선택 → 이용권 내역 → [TVING 계정 연결하기] 선택\n    ③ 원하는 TVING 계정에 로그인 또는 신규 회원 가입하여 연결\n\n※ 주의사항 : 연결하려는 TVING 계정에 이미 다른 이용권이 있는 경우 연결이 불가합니다. \n                   해당 이용권 해지 및 이용 기간 만료 후 연결하시거나, 다른 TVING 계정을 이용 바랍니다. \n\n■ 연결된 계정 정보 확인 방법(TVING 계정 정보는 알고 Wavve 계정 정보를 모르는 경우)\n① TVING PC Web에서 더블 이용권을 구매한 계정으로 로그인\n② 우측 상단 프로필 아이콘 → MY → [회원정보 수정] 메뉴 진입\n③ 연결된 Wavve ID 확인\n④ [회원정보 수정] 메뉴에서 Wavve 계정이 확인되지 않고 \n    [Wavve 계정 연결하기] 버튼이 보이는 경우 연결이 되지 않은 상태이며, \n    연결 이후 Wavve 이용이 가능합니다.\n\n■ 연결된 계정 변경 방법 \n    - 이미 연결된 계정을 변경하려면, 현재 사용 중인 이용권을 해지 또는 환불한 후 더블 이용권을 재구매해야 합니다.\n    - 이용권 해지 및 환불 관련 문의는 이용권 구매처로 연락 부탁드립니다.\n\n- Wavve에서 구입한 경우 **Wavve 고객센터 [채팅 상담사 연결]**바랍니다.\n- TVING에서 구입한 경우 TVING 고객센터로 문의\n\n앞으로 더욱 노력하는 Wavve(웨이브)가 되겠습니다.\n감사합니다.
12	[3 PACK] 이용권 계정 연결 방법	안녕하세요, Wavve(웨이브)입니다.\n\n문의하신 [3 PACK 이용권] 구매 후, \n웨이브 이용권 연결 및 확인 방법을 안내드립니다.\n\n▶ 티빙에서 [3 PACK 이용권] 구독 후 웨이브 계정 연결 방법\n1. 구매 완료 화면에서 바로 연결하기\n     - 구매 완료 화면 하단의 [연결된 계정 보기] 선택\n     - [연결하기] 버튼 클릭 후, 이용하실 Wavve 계정으로 로그인 \n       또는 회원가입을 진행하면 연결이 완료됩니다.\n\n2. MY 메뉴에서 연결하기\n     - [3 PACK 이용권] 을 구매한 계정으로 티빙(TVING) 로그인\n     - 우측 상단 [프로필 아이콘] > [MY] 진입\n     - 상단에 노출되는 [계정 연결하기] 배너를 클릭하여 Wavve 계정을 연결바랍니다. \n\n3. 이용권 관리 페이지에서 연결하기\n     - 티빙 로그인 후 [프로필 아이콘] > [MY] > [이용권 관리] 페이지 진입\n     -[연결된 계정 보기] → [연결하기] 버튼을 클릭하여 Wavve 계정 로그인을 진행바랍니다. \n\n▶ [3 PACK 이용권] 구독 후 연결된 웨이브 계정 확인 방법\n     - 확인 경로: 티빙 로그인 > [프로필 아이콘] > [MY] > [이용권 관리]\n     - 상세 내용: [연결된 계정 보기] 버튼을 클릭하면 \n       현재 연결된 Wavve 계정 유형 및 ID를 확인하실 수 있습니다.\n\n앞으로도 더 나은 서비스를 제공하기 위해 최선을 다하는 Wavve가 되겠습니다. \n감사합니다.
13	이용권 변경	안녕하세요, Wavve(웨이브)입니다.\n\n문의하신 이용권 변경 방법 안내드립니다.\n\n보유하신 이용권의 결제처별 이용권 변경 방법은 아래와 같습니다.  \n\n■ 보유하신 이용권의 결제처별 이용권 변경 방법 \n1. [Web/PC]에서 결제한 경우\n    ① 변경 경로\n        - 모바일 웹(Web): MY → 나의 이용권 → 하단 이용권 변경하기 선택 후 구매 \n        - PC: MY → 이용 중인 이용권 → 우측 상단 이용권 변경하기 선택 후 구매 \n    ② 유의 사항\n        - 보유한 이용권이 있는 상태에서 다른 이용권을 구매하면, 기존 이용권의 잔여 기간은 코인으로 부분 환불됩니다.\n        - 이용권 변경 시 코인으로 환불받는 것이 부담된다면, 자동 결제 해지 후 만료 후 재구매 바랍니다. \n        - Wavve(웨이브)에서 구매한 Bugs(벅스) 제휴 이용권은 이용 기간 중 변경이 불가능합니다.\n\n2. [iOS 기기(Apple)]로 결제한 경우\n     - 아이튠즈 iOS 앱 내 결제 건은 Wavve가 아닌 애플을 통해 구매하는 방식입니다.\n     - 이용권 변경 시 부분 환불이 적용되며, 환불 정책은 애플의 기준을 따릅니다.\n     - 상세 문의는 **애플 고객센터(☎ 080-333-4000)**로 문의 바랍니다.\n\n3. [안드로이드(Google Play)]로 결제한 경우\n     - 구글 플레이 앱 내 결제 건은 Wavve가 아닌 구글을 통해 구매하는 방식으로\n     - 구글 정책에 따라 이용권 중도 변경이 불가합니다.\n     - 기존 이용권이 구독 취소(=자동 결제 해지) 후 이용 기간이 만료되면 새로운 이용권을 구매할 수 있습니다.\n     - 즉시 다른 이용권으로 변경을 원하신다면, Wavve 고객센터 [채팅 상담사 연결] 바랍니다.   \n\n4. 제휴사 회원 결제 상품 구매\n    - 통신사(SKT, KT, 알뜰폰, 스카이라이프), 벅스, FLO 등 외부 제휴처를 통해 구매하신 이용권은 \n      Wavve에서 직접적인 확인 및 안내가 어렵습니다. 해당 이용권 관련 문의는 \n      구매하신 제휴처 고객센터를 통해 확인해 주시기 바랍니다.\n\n앞으로 더욱 노력하는 Wavve(웨이브)가 되겠습니다.\n감사합니다.
14	결제 수단 변경 방법	안녕하세요, Wavve(웨이브)입니다.\n\n문의하신 결제처별 결제 수단 변경 방법 안내드립니다.  \n\n■ 결제처별 결제 수단 변경 방법 안내\n1. [Web/PC]에서 결제한 경우\n    ① 변경 경로\n        - 모바일 웹(Web): MY → 나의 이용권 → 자동 결제 해지 버튼 우측 \n                                  → [결제 수단 변경] 선택 (접속 주소: www.wavve.com)\n        - PC: MY → 이용 중인 이용권 → [결제수단 변경] 버튼 선택\n    ② 유의 사항\n        - 모바일 앱(안드로이드/iOS): 앱 내에서는 결제 수단 변경 기능을 지원하지 않습니다. (웹/PC 이용 권장)\n        - 결제 수단은 신용(체크)카드로만 변경하실 수 있습니다.\n        - 결제 예정일 당일에는 이미 결제사로 정보가 전달되어, 수단을 변경하시더라도 기존 수단으로 결제될 수 있으니 유의 바랍니다.\n        - 결제 예정일 이전에 미리 변경하셔도 즉시 결제되지 않으며, 다가오는 결제 예정일부터 변경된 수단으로 자동 결제됩니다.\n\n2. [iOS 기기(Apple)]로 결제한 경우\n    ① 변경 경로 : 아이폰/아이패드 [설정] → 맨 위 [Apple ID 이름] 선택 \n                       → [결제 및 배송] → 기존 수단 수정 또는 [지불 방법 추가]\n    ② 참고 : Apple ID에 등록된 기본 결제 수단을 변경하면, Wavve를 포함하여 해당 계정으로 구독 중인 모든 서비스에 적용됩니다.\n\n3. [안드로이드(Google Play)]로 결제한 경우\n    ① 변경 경로 : [Google Play 스토어] 앱 실행 → 우측 상단 [프로필 아이콘] \n                         → [결제 및 정기 서비스] → [결제 수단] → [결제 설정 더보기] 또는 수단 수정\n    ② 참고 : Google Play를 통해 구독 중인 경우, \n                 Google 계정에 등록된 결제 수단을 관리하여 변경하실 수 있습니다.\n\n4. 제휴사 회원 결제 상품 구매\n    - 통신사(SKT, KT, 알뜰폰, 스카이라이프), 벅스, FLO 등 외부 제휴처를 통해 구매하신 이용권은 \n      Wavve에서 직접적인 확인 및 안내가 어렵습니다. 해당 이용권 관련 문의는 \n      구매하신 제휴처 고객센터를 통해 확인해 주시기 바랍니다.\n\n앞으로 더욱 노력하는 Wavve(웨이브)가 되겠습니다.\n감사합니다.
15	이용권 미지급/결제 실패	안녕하세요, Wavve(웨이브)입니다.\n\n문의하신 결제 실패 사유 및 결제처별 해결 방법에 대해 안내드립니다.\n\n고객님의 이용권 결제는 휴대폰 소액결제 한도 초과, 신용카드 한도 초과, 분실 카드 \n혹은 유효기간 만료 등 결제 수단의 문제로 인해 실패할 수 있습니다.\n\n결제처에 따른 상세 해결 방법을 아래와 같이 안내해 드리오니 참고해 주시기 바랍니다.\n\n■ 결제처별 해결 방법 안내\n1. [Web/PC]에서 결제한 경우\n   ① 결제 수단 갱신 : 재시도 기간 내에 새로운 결제 수단을 등록하시면, 별도의 절차 없이 정상적으로 자동 결제 상태를 유지하실 수 있습니다.\n   ② 결제 수단별 재시도 일정\n       - 휴대폰 결제 : 결제일 이후 5일 동안 1일 1회 재시도를 진행합니다. \n         (단, 결제 월이 지나 다음 달이 되면 재시도가 불가한 점 유의 부탁드립니다.)\n       - 신용카드: 결제 예정일로부터 5일간 매일 1회 재결제를 시도하며, \n         자동 결제일 기준 10일째에 최종 결제 시도를 진행합니다.\n   ③ 직접 재구매: 새 결제 수단으로 이용권을 직접 구매하시면 즉시 이용권이 지급됩니다.\n       다만, 이 경우 기존 자동 결제 유지 시 제공되던 할인 혜택이 소멸되어 정상 금액으로 결제될 수 있습니다.\n\n2. [iOS 기기(Apple)]로 결제한 경우\n   ① 구매 내역 확인 : [앱스토어 → 계정 → 구독 관리] 메뉴에서 \n       해당 이용권이 정상적으로 구매 완료되었는지 확인 바랍니다. \n   ② 이용권 복원 : 정상 구매 상태임에도 이용이 불가하다면,\n       앱 내 이용권 구매 페이지 하단의 **'구매 내역 복원하기'**를 눌러주시기 바랍니다. \n       이후 [MY → 이용권 내역]에서 이용권이 확인된다면 정상적으로 복원된 것입니다.\n   ③ 예외 상황 해결\n       - 복원이 되지 않는다면 현재 로그인된 계정이 아닌 다른 계정으로 구매했을 가능성이 있습니다.\n       - 구독 관리 내역에 이용권이 없다면 재구매가 필요하며, 타 계정 확인이 \n         어려우실 경우 **애플 고객센터(080-333-4000)**를 통해 취소 후 재구매를 진행해 주시기 바랍니다.\n   ④ 결제 실패 : 앱스토어에 등록된 결제 수단 문제로 구독이 취소될 수 있으니, \n                      자세한 사항은 애플 고객센터로 문의 부탁드립니다.\n\n3. [안드로이드(Google Play)]로 결제한 경우\n   ① 구매 내역 확인: [구글 플레이 스토어 → 계정 → 결제 및 정기 결제 → 정기 결제]에서 구매 완료 여부를 확인해 주십시오.\n   ② 반영 시간 안내: 정상 구매 건이라도 해외 시차의 영향으로 실제 반영까지 약 1일 정도 소요될 수 있습니다.\n   ③ 미반영 시 확인 사항\n       - 구매 내역이 확인되지 않는다면 다른 계정으로 구매했는지 확인이 필요합니다.\n       - 다른 계정 구매가 아님에도 이용이 어렵다면 구글 이메일 주소 또는 \n         주문 번호를 지참하여 **Wavve 고객센터 [채팅 상담사 연결] 또는 [1:1 문의] 재문의 바랍니다.\n   ④ 결제 실패 : 구글 플레이 스토어 내 등록된 결제 수단 문제로 \n                       구독이 취소될 수 있으니, 상세 내용은 **구글 고객센터(🔗 support.google.com)**로 문의 부탁드립니다.\n\n4. 제휴사 회원 결제 상품 구매\n    - 통신사(SKT, KT, 알뜰폰, 스카이라이프), 벅스, FLO 등 외부 제휴처를 통해 구매하신 이용권은 \n      Wavve에서 직접적인 확인 및 안내가 어렵습니다. 해당 이용권 관련 문의는 \n      구매하신 제휴처 고객센터를 통해 확인해 주시기 바랍니다.\n\n앞으로 더욱 노력하는 Wavve(웨이브)가 되겠습니다.\n감사합니다.
16	결제 정보로 아이디 확인 방법 안내	안녕하세요, Wavve(웨이브)입니다.\n\n문의하신 이용권 확인과 관련하여 안내드립니다.\n\n현재 전달해 주신 정보만으로는 이용권이 결제된 계정이 확인되지 않습니다. \n\n매칭 정보가 불분명하여 상세 안내가 어려우니, \n아래 결제 수단별 내용을 참고하시어 추가 정보와 함께 재문의 부탁드립니다.\n\n1. [Web/PC]에서 결제한 경우\n  ① 결제 일자 : \n  ② 결제 금액 : \n  ③ 결제 수단 : 카드 / 휴대폰 소액결제 / 네이버 페이 / 카카오 페이 / 페이코 중 택 1\n  ④ 결제 수단별 주문번호/정보 :\n      - 카드 : 카드번호 16자리 혹은 승인번호\n      - 휴대폰 소액결제 : 결제된 휴대폰 번호\n      - 네이버 페이 : 중간에 영어 NP가 기재된 결제 주문번호\n      - 카카오 페이 : 가맹점 주문번호 / 승인번호 / TID 중 택1\n      - 페이코 : 승인번호 \n      - 원스토어 결제 : 원스토어 아이디 / 등록 휴대폰 번호 \n\n2. 애플(Apple) 아이튠즈 결제\n  ① 금액 예시: 5,000원, 6,000원, 7,000원, 9,000원, 12,500원, 16,000원 등\n  ② 조치 방법: 앱 내 **[구매내역 복원]**을 통해 아이디 확인이 가능합니다.\n      - 경로: Wavve 앱 홈 → [MY] → [이용권 구매] → 하단 작은 글씨 중 '구매내역 복원' 선택\n  ③ [요청 정보] (복원 후에도 확인이 안 될 경우)\n      - 이용권 명 및 결제 금액 :\n      - 이용권 구매 일자 :\n      - 구매내역 복원 시간: (시/분/초 단위까지 상세 기재 필수)\n      - 복원 시 노출되는 팝업 문구 :\n\n3. 구글 플레이(Google Play) 결제\n  ① 금액 예시: 4,950원, 6,250원, 8,000원, 12,500원, 16,000원 등\n  ② [요청 정보]\n      - Play 스토어 앱에 로그인된 구글 이메일 주소 :\n      - 결제일 및 결제 금액 :\n      - 주문번호: (예: GPA.1234-1234-1234-12345)\n        (확인 경로: 구글 메일함 또는 pay.google.com 사이트)\n\n4. 통신사 부가서비스 및 제휴 상품\n  ① [요청 정보]\n      - SKT 부가서비스/우주패스: 상품명 / 가입(등록) 일자 / 등록 휴대폰 번호\n      - KT 알뜰폰 부가서비스: 상품명 / 가입(등록) 일자 / KT 일련번호(회원번호)\n\n재문의 시 제목에 [재문의]를 기재해 주시면 더욱 빠른 확인이 가능합니다. \n(정보 접수 후 내부 확인까지 영업일 기준 2~3일이 소요될 수 있습니다.)\n\n앞으로 더욱 노력하는 Wavve(웨이브)가 되겠습니다. \n감사합니다.
17	자동결제 해지 및 구독취소	안녕하세요, Wavve(웨이브)입니다.\n\n문의하신 자동 결제 해지관련 안내드립니다. \n결제처에 따른 해지 경로 안내드립니다.  \n\n■ 결제처에 따른 <자동 결제 해지(=구독 취소)> 경로  \n1. [Web/PC]에서 결제한 경우\n   - 웨이브 앱 로그인 > MY > 나의 이용권 > [해지하기] 클릭\n\n2. [iOS 기기(Apple)]로 결제한 경우\n   - 휴대폰 [설정] > 맨 위 [내 이름] 클릭 > [구독] > Wavve 선택 > [구독 취소]\n\n3. [안드로이드(Google Play)]로 결제한 경우\n   - [Play 스토어] 앱 실행 > 오른쪽 위 [프로필 아이콘] > [결제 및 정기 결제] > Wavve 선택 > [취소]\n\n앞으로 더욱 노력하는 Wavve가 되겠습니다.\n감사합니다.
18	결제 취소	안녕하세요, Wavve(웨이브)입니다.\n\n문의하신 결제 취소 관련하여 안내드립니다.\n취소 결과 및 결제처별 해지/취소 경로는 아래의 내용으로 상세 확인 부탁드립니다.\n\n■ 결제처에 따른 자동 결제 해지(=구독 취소) 및 취소 방법 안내 \n1. [Web/PC]에서 결제한 경우\n    ① 해지 경로 : 웨이브 앱 로그인 > MY > 나의 이용권 > [해지하기] 클릭\n    ② 결제 취소 : Wavve(웨이브) 고객센터 1:1문의 또는 채팅 상담으로 요청 가능\n\n2. [iOS 기기(Apple)]로 결제한 경우\n    ① 해지 경로 : 휴대폰 [설정] > 맨 위 [내 이름] 클릭 > [구독] > Wavve 선택 > [구독 취소]\n    ② 결제 취소 \n         - 애플 인앱 결제건은 애플의 보안 정책상 Wavve(웨이브)에서 직접 취소 처리가 어렵습니다.  \n         - 번거로우시더라도 Apple 고객센터(080-333-4000) 또는 \n           [Apple 지원 홈페이지]를 통해 직접 취소/환불 요청 바랍니다.  \n\n3. [안드로이드(Google Play)]로 결제한 경우\n    ① 해지 경로 : [Play 스토어] 앱 실행 > 오른쪽 위 [프로필 아이콘] > [결제 및 정기결제] > Wavve 선택 > [취소]\n    ② 결제 취소\n         - Wavve(웨이브)를 통한 취소/환불 검토 시에는 정확한 확인을 위해 \n           **구글 주문번호(GPA.0000-0000-0000-00000 형식)**와 \n           구글 결제 계정(이메일) 정보가 필요합니다. 해당 정보를 확인하여 \n           회신 주시면 추가 안내 도와드리겠습니다.\n\n앞으로 더욱 노력하는 Wavve(웨이브)가 되겠습니다.\n감사합니다.
19	영수증 발행 문의	안녕하세요, Wavve(웨이브)입니다.\n\n문의하신 영수증 발행 관련 사항에 대해 안내드립니다.\n\n현재 당사에서는 보안 및 개인정보 보호를 위해\n직접적인 영수증 발행 서비스를 제공하지 못하는 점 양해 부탁드립니다.\n\n[영수증 제공 서비스 종료 안내]\n- 종료 일시: 2014년 3월 7일 13시\n- 종료 원인: 영수증 서비스 개인정보 노출 및 해킹 이슈에 따른 서비스 종료 \n                   (PG사 고객 정보 노출 및 금감원 보안 권고 사항 반영)\n\n번거로우시겠지만, 정확한 결제 증빙을 위해 \n결제처의 영수증 확인 및 대행사인 **[페이레터]**를 통해 거래 내역서 발행 문의를 부탁드리겠습니다.\n\n- 페이레터 고객센터: ☎ 1599-7591\n\n직접적인 도움을 드리지 못해 죄송하며, \n앞으로 더욱 노력하는 Wavve가 되겠습니다. \n감사합니다.
20	현금 영수증 발행 문의	안녕하세요, Wavve(웨이브)입니다.\n\n문의하신 현금영수증 발급 관련하여 안내드립니다.\n\n웨이브 이용권 쿠폰을 구매하여 등록하신 경우, 현금영수증 발급이 가능합니다. \n아래 정보를 기재하여 **[1:1 문의]**로 재문의해 주시면 신속히 처리해 드리겠습니다.\n\n■ 발급 대상 이용권\n- 대상: 이용권 쿠폰, 장기 이용권 쿠폰, 기프티콘 등 (직접 결제한 현금성 쿠폰에 한함)\n- 제외: 일반 정기 결제 이용권 (결제 시 선택한 결제 수단에서 자동 발급되거나 카드 결제인 경우 제외)\n\n■ 기재 필요 정보\n- 이름:\n- 웨이브 ID:\n- 이메일 주소:\n- 연락 가능한 번호:\n- 현금영수증 발행 식별번호: (휴대폰 번호 또는 사업자 등록번호)\n\n※ 사업자 지출 증빙이 필요하신 경우, 반드시 사업자 등록번호를 기재해 주시기 바랍니다. \n※ 사업자 등록번호가 없는 경우에는 **개인 소득공제용(지출 증빙)**으로 발행됩니다.\n\n앞으로 더욱 노력하는 Wavve(웨이브)가 되겠습니다. 감사합니다.
21	환불_계좌 입금일	안녕하세요, Wavve (웨이브)입니다.\n\n문의하신 중도 환불 입금일 관련하여 안내드립니다.\n\n중도 환불은 상담사를 통해 접수하실 수 있으며, \n환불 가능 금액에 대해 안내받으신 후 [입금 동의]를 해주시면 \n정확한 입금 일정을 확인하실 수 있습니다.\n\n[입금 안내]\n- 입금 동의 확인 후 영업일 기준 3일 이내에 입금됩니다.\n- 입금자명은 **'콘텐츠웨이브'**로 확인 부탁드립니다.\n\n앞으로 더욱 노력하는 Wavve(웨이브)가 되겠습니다. \n감사합니다. 
22	중도 환불	안녕하세요, Wavve(웨이브)입니다.\n\n문의하신 이용권 중도 환불에 대해 안내드립니다.  \n\n■ 환불 규정\n1. 산정 방식 : 결제 주기의 시작일부터 해지 신청일까지의 이용료를 일할 계산하여 제외한 후 산정됩니다.\n2. 이벤트 상품 : 할인 혜택을 받아 구매한 경우, 할인 미적용(정상가) 기준으로 환불 금액이 정산됩니다.\n3. 수수료 안내 : 중도 해지 환불 시 당사의 <유료상품 이용약관> 제 12조 [환불정책]의 2항에 의거하여 \n                       결제 대행 수수료를 제외한 나머지 금액 환불이 가능합니다.\n\n■ 결제처에 따른 환불 신청 방법\n1. [Web/PC]에서 결제한 경우\n   - 취소 및 중도 해지는 **Wavve 고객센터 [채팅 상담사 연결] 또는 [1:1 문의]**를 통해 신청 가능합니다.\n\n2. [iOS 기기(Apple)]로 결제한 경우\n   - 애플 정책에 따라 Wavve가 아닌 애플에서 결제가 관리됩니다.\n   - 구독 취소 및 환불 문의: **애플 고객센터(☎ 080-333-4000)**로 직접 문의해 주시기 바랍니다.\n   - 만약 애플에서 취소 처리가 거부되었다면, **취소 불가 사유(메일 등)**를 확인하신 후 \n     Wavve 고객센터로 연락 주시면 추가 확인을 도와드리겠습니다.\n\n3. [안드로이드(Google Play)]로 결제한 경우\n   - 구글 결제 건의 경우, 구글 계정(이메일 주소) 또는 주문 번호(GPA.로 시작)를 확인하여 \n     Wavve 고객센터 [채팅 상담사 연결] 또는 [1:1 문의]로 접수해 주시기 바랍니다.\n\n앞으로 더욱 노력하는 Wavve(웨이브)가 되겠습니다.\n감사합니다.
23	[IOS] 구독 복원	안녕하세요, Wavve(웨이브)입니다.\n\n문의하신 내용 확인 후 안내드립니다.\n\n회원님께서 전달해 주신 정보를 확인한 결과,\n이용권은 아이튠즈를 통해 결제된 것으로 예상됩니다.\n\n현재 결제 후 이용권이 계정에 정상적으로 지급되지 않은 상황으로 보입니다. \n아래의 경로를 통해 구매 내역 복원을 진행해 주시기 바랍니다.\n\n■ 복원 경로 \n- iOS 기기 : 웨이브 앱 홈 화면 → 하단 오른쪽 MY → 이용권 구매\n- 진행 방법: [이용권 공통 혜택] 하단 두 번째 문단, 작은 글씨 중 밑줄 처리가 된 ‘구매내역 복원’ 선택\n\n복원 후에도 이용권 확인이 되지 않는다면 현재 이용이 불가한 상태이므로, 결제 취소가 가능합니다.\n\n다만, 해당 결제 건은 애플(Apple)사의 자체 결제 수단을 이용한 것이기에 \nWavve(웨이브) 측에서 직접 취소 처리를 해드리기 어렵습니다.\n\n번거로우시겠지만, 결제 취소가 필요하신 경우\n**애플코리아 고객센터(080-333-4000)**로 직접 요청해 주시기 바랍니다.\n\n※ 애플코리아 홈페이지 내 [고객지원] 메뉴에서 \n메일 또는 채팅으로도 접수가 가능합니다. ( support.apple.com/ko-kr/billing )\n\n앞으로 더욱 노력하는 Wavve(웨이브)가 되겠습니다.   \n감사합니다.   
24	[SKT] 부가서비스, 우주패스 해지 	안녕하세요, Wavve(웨이브)입니다.\n\n문의하신 SKT 제휴 웨이브 이용권 해지 방법 안내드립니다.  \n\n■ [부가서비스] SKT 제휴 웨이브 이용권 해지 방법\n1. 가장 빠른 방법: 전화 (114)\n    - 휴대폰에서 114(무료)를 누르고 상담원에게 "웨이브 부가서비스 해지해 주세요"라고 말씀하시면 바로 처리됩니다.\n2. 스스로 해결하기: T월드(T world) 앱/웹\n    - T월드 앱 실행 또는 홈페이지 접속\n    - [MY] → [나의 가입 정보] → [나의 부가서비스] 메뉴로 이동\n    - 목록에서 'Wavve 앤 데이터' 등 관련 상품을 찾아 [해지] 버튼 클릭\n3. 오프라인 방문\n    - 가까운 SKT 대리점 및 지점에 신분증을 지참하고 방문하여 해지를 요청하실 수 있습니다.\n\n■ [우주패스] 구독 웨이브 이용권 해지 방법\n1. 가장 빠른 방법: 전화\n    - 1505 (무료/SKT통신사)\n    - 1800-0515 (유료/그 외 통신사)\n2. 스스로 해결하기: T우주\n    - [나의 구독] → 구독 중인 상품 선택 → 맨 아래 [해지하기]\n\n※ 참고\n중도 해지 시\n- 부가서비스 : 해지 즉시 이용이 중단됩니다. \n- 우주패스 : 구독 상품으로 해지 시, \n                   남은 기간까지 유지될 수도 있으니 해지 과정에서 상세 확인 바랍니다 . \n- 결제 권한: 웨이브 답변처럼 돈을 받아가는 주체가 SKT이기 때문에, \n                    웨이브 고객센터에서는 시스템상 '취소' 버튼 자체가 활성화되지 않는 구조입니다.\n\n앞으로 더욱 노력하는 Wavve(웨이브)가 되겠습니다.\n감사합니다.
25	[네이버] 정기 결제 연결 해지 안내	안녕하세요, Wavve(웨이브)입니다.\n\n문의해 주신 네이버페이 정기결제 해지 관련하여 아래와 같이 안내드립니다.\n\n네이버페이로 결제하신 일부 이용권의 경우, \n실제 이용권이 만료되었더라도 정기결제 등록 정보가 남아 있는 경우가 있습니다.\n\n이로 인해 네이버 측에서 카드 삭제나 결제 수단 변경 시 제한이 발생할 수 있습니다.\n\n해당 현상이 발생할 경우, Wavve(웨이브)에서 네이버페이 측과 협업하여\n 해지 처리를 도와드릴 수 있습니다. \n\n번거로우시더라도 아래 결제 정보를 빠짐없이 기재하신 후 재문의 부탁드립니다.\n\n◆ 재문의 시 기재 사항 ◆\n① 결제일: (예: 2025년 7월 22일) \n② 결제금액: (예: 10,900원) \n③ 네이버페이 주문번호: (예: 20250722NP12345678)\n\n※ 주문번호는 **네이버페이 고객센터(☎ 1588-3819)**를 통해 확인 가능합니다. \n※ 반드시 **“정기결제가 아직 해지되지 않은 결제 내역”**의 주문번호를 기준으로 접수해 주셔야 합니다.\n\n재문의 시, 제목에 **[재문의]**를 기재해 주시면 더욱 신속한 확인이 가능합니다.\n\n보내주신 정보를 토대로 정기결제 해지 요청을 담당 부서에 전달하여 \n네이버페이와 협의 후 처리해 드릴 예정입니다. \n\n처리는 접수일 기준 영업일 2~3일 정도 소요될 수 있는 점 양해 부탁드립니다.\n\n앞으로 더욱 노력하는 Wavve(웨이브)가 되겠습니다. \n감사합니다.
26	iOS 3개월 할인 이벤트	안녕하세요, Wavve(웨이브)입니다.\n\n문의하신 애플 인앱 할인 이벤트에 대해 안내드립니다.\n\n[iOS 3개월 할인 이벤트란?] \n애플 계정 기준으로 이용권을 처음 결제할 때, 3개월간 할인 혜택이 적용되는 이벤트입니다.\n\n① 대상 이용권: 베이직, 스탠다드, 프리미엄\n② 할인 가격: 베이직 5,000원 / 스탠다드 6,000원 / 프리미엄 7,000원\n③ 유의 사항\n    - 이용 중인 애플 계정으로 무료 체험을 이용한 이력이 있다면, 본 할인 이벤트 대상에서 제외됩니다.\n    - [구독 해지 안내] 할인 혜택이 제공되는 3개월만 이용하기를 원하신다면, \n      다음 결제일이 오기 전에 미리 '구독 취소'를 진행해 주셔야 합니다.\n    - 구독 취소 경로: App Store 실행 > 우측 상단 [프로필 아이콘] 클릭 \n       > [계정명(이메일)] 선택 > [구독] 메뉴에서 Wavve 선택 후 취소\n      구독 취소를 진행하더라도 현재 이용 중인 이용권의 남은 기간은 그대로 이용하실 수 있습니다.\n\n앞으로 더욱 노력하는 Wavve(웨이브)가 되겠습니다.\n감사합니다.
27	구글플레이 3개월 할인 이벤트	안녕하세요, Wavve(웨이브)입니다.\n\n문의하신 구글플레이(Google Play) 인앱 할인 이벤트에 대해 안내드립니다.\n\n[구글플레이 3개월 할인 이벤트란?] \n구글 계정을 기준으로 이용권을 처음 결제할 때, 3개월간 50% 할인 혜택이 적용되는 이벤트입니다.\n\n- 대상 이용권: 베이직, 스탠다드, 프리미엄\n- 이벤트 할인가: 베이직 4,500원 / 스탠다드 6,250원 / 프리미엄 8,000원\n\n앞으로 더욱 노력하는 Wavve(웨이브)가 되겠습니다.\n감사합니다.
28	권장 사양(지원 기기) 안내 	안녕하세요, Wavve(웨이브)입니다.\n\n서비스 지원 기기 및 이용 권장 사양 안내드립니다.  \n\n[서비스 이용 권장 사양]\n- PC : Windows 10 이상, MacOS 10.12 이상. Chrome/Edge/Safari 등 HTML 5 지원 브라우저 최신 버전\n- 스마트폰 : Android 11 버전 이상, iOS 15 버전 이상의 국내 출시 모델\n- 태블릿 : Android 11 버전 이상, iOS 15 버전 이상의 국내 출시 모델\n- TV : 삼성 스마트TV Tizen 3.0 이상의 모델 / LG 스마트TV webOS 3.5이상의 모델\n- Android TV/셋톱박스 : Android 5.0 이상 및 Google Play 스토어 지원 기기 (RAM 2GB 이상 권장)\n- 애플 TV : tvOS 16 이상\n- 크롬캐스트 : 2~4세대\n\n[참고 사항] \n- 브라우저 관련 : 스윙, 웨일 브라우저 등은 정식 지원되지 않으므로 일부 기능 사용이 제한될 수 있습니다.\n- PC 해상도 : Windows PC는 1920×1080 해상도에 최적화되어 있습니다. 해상도가 낮을 경우 메뉴 일부가 잘려 보일 수 있습니다.\n- 광고형 이용권은 LG TV Web OS 4.0 미만 버전이나 차량 인포테인먼트 장비(IVI)에서 재생할 수 없습니다.\n- 광고형 이용권은 애플 AirPlay 및 구글의 캐스팅 같은 미러링 기능은 사용할 수 없습니다.\n- 광고형 이용권 사용시, 일부 콘텐츠 재생에 제한이 있을 수 있습니다. \n- 크롬캐스트 4세대 : 크롬캐스트 내에 Wavve 앱을 설치하여 이용하실 경우, \n                             TV 시청 권한이 포함된 이용권을 보유해야 시청이 가능합니다.\n\n앞으로 더욱 노력하는 Wavve(웨이브)가 되겠습니다. \n감사합니다.
29	[모바일] 기본 조치 방법	안녕하세요, Wavve (웨이브)입니다.\n\n문의해주신 내용 확인 후 기본 조치 방법 안내드립니다.  \n\n■ 기본 조치 방법 \n[안드로이드(Android) 기기] \n① 스토어 앱 정리 : 앱 설치 및 업데이트 오류 방지를 위해 진행합니다.\n   - 경로: 휴대폰 [설정] → [애플리케이션] → [Google Play 스토어] \n              → [저장공간] → [데이터 삭제] 및 [캐시 삭제] \n② Wavve 앱 재설치: 앱 오류를 해결하기 위한 가장 효과적인 방법입니다.\n   - 경로 : 휴대폰 [설정] → [애플리케이션] → [Wavve] \n              → [저장공간] → [데이터 삭제] 및 [캐시 삭제]\n   - 방법 : 앱 삭제 후 휴대폰을 재부팅해 주세요. 이후 [Google Play 스토어]에서 \n              '웨이브'를 검색하여 다시 설치해 주시기 바랍니다. \n③ 업데이트 불가할 경우 : 최소 사양 "Android 9 이상" 여부 확인 \n   - 최소 사양 이상일 경우  휴대폰 설정 - 애플리케이션 - google play 스토어\n     - 저장공간 - 캐시 삭제 - 데이터 삭제 한 후에 구글 play 스토어에서 재 업데이트 시도를 하시면 됩니다.  \n\n※ 데이터 삭제 시 \n- 로그인이 해제되므로 아이디/비밀번호를 미리 확인 바랍니다.\n- 다운로드한 영상도 삭제 됩니다. \n\n[iOS(아이폰/아이패드) 기기] \n① Wavve 앱 재설치\n   - 방법 : 홈 화면의 [Wavve] 앱 아이콘을 길게 누르기 \n              → [앱 제거] → [앱 삭제]를 선택하여 삭제합니다.\n   - 이후 [App Store]에서 '웨이브'를 검색하여 다시 설치해 주시기 바랍니다.\n\n위 방법으로 진행했음에도 동일 증상일 경우, \n하기 내용 확인 후 전달 주시면 내부 문의 접수 해보겠습니다.  \n\n[접수 양식] \n1. 이용 기기(모델명) : \n2. iOS  또는 안드로이드 버전 : \n3. Wavve 앱 버전 : \n4. 증상 : \n5. 증상 발생 시점 :\n6. wifi or LTE 접속 시 발생 여부: \n  - wifi 접속 시에만 발생 \n  - LTE 접속 시에만 발생 \n  - 둘 다 발생  \n7. 통신사 : \n8. 기본조치 여부 : Y / N \n\n번거로우시겠지만, [재 문의] 부탁드립니다.  \n\n앞으로 더욱 노력하는 Wavve(웨이브)가 되겠습니다. \n감사합니다.  
30	[PC] 기본 조치 방법	안녕하세요, Wavve(웨이브)입니다.\n\n문의하신 PC의 원활한 시청을 위한 기본 조치 방법을 안내드립니다. \n\n이용하시는 브라우저의 캐시 및 데이터를 삭제하여 증상을 해결할 수 있으니, \n아래 내용을 확인 부탁드립니다.\n\n1. Google Chrome\n- 방법: 주소창에 chrome://settings/clearBrowserData 입력 \n           (또는 설정 > 개인정보 보호 및 보안 > 인터넷 사용 기록 삭제)\n- 설정: 기간 [전체 기간] 선택 > 모든 항목 체크 > [데이터 삭제] 클릭 후 브라우저 재시작\n\n2. Microsoft Edge\n- 방법: 주소창에 edge://settings/clearBrowserData 입력 \n          (또는 설정 > 개인정보, 검색 및 서비스 > 지울 항목 선택)\n- 설정: 시간 범위 [모든 시간] 선택 > 모든 항목 체크 > [지금 지우기] 클릭 후 브라우저 재시작\n\n3. 네이버 Whale\n- 방법: 주소창에 whale://settings/clearBrowserData 입력 \n           (또는 설정 > 개인정보 보호 > 인터넷 사용 기록 삭제)\n- 설정: 기간 [전체 기간] 선택 > 모든 항목 체크 > [삭제] 클릭 후 브라우저 재시작\n\n4. Safari (macOS)\n- 방법: 상단 메뉴 [Safari] > [설정(또는 환경 설정)] > [개인정보 보호] > [웹사이트 데이터 관리]\n- 설정: [모두 제거] 클릭 > [지금 제거] 선택 후 브라우저 재시작\n\n5. Firefox\n- 방법: 주소창에 about:preferences#privacy 입력 (또는 설정 > 개인정보 및 보안 > 쿠키 및 사이트 데이터)\n-설정: [데이터 지우기] 클릭 > 모든 항목 체크 > [지우기] 클릭 후 브라우저 재시작\n\n※ 공통 주의사항: 브라우저 기록 삭제 시 열려 있는 모든 탭이 새로고침되거나\n    로그아웃될 수 있으니 중요한 작업은 미리 저장해 주시기 바랍니다.\n\n앞으로 더욱 노력하는 Wavve(웨이브)가 되겠습니다. \n감사합니다.
31	[스마트 TV] 기본 조치 방법	안녕하세요, Wavve(웨이브)입니다.\n\n문의하신 증상에 대한 기본 조치 방법을 안내드립니다.\n\n■ 서비스 이용 권장 사양\n- 삼성 스마트 TV: Tizen 3.0 이상 모델\n- LG 스마트 TV: webOS 3.5 이상 모델\n\n권장 사양 이상임에도 동일한 증상이 발생한다면, 아래와 같이 기본 조치를 진행해 보시기 바랍니다.\n\n■ 기본 조치 방법\n- TV 전원 재시작: TV 전원 코드를 완전히 분리한 후 재연결해 주세요.\n- 공유기 리셋: 인터넷 공유기의 연결선을 제거하고 약 20분 정도 후에 다시 연결해 주세요.\n\n■ 문제가 지속될 경우 확인 사항\n만약 조치 후에도 동일한 증상이 발생한다면, \n정확한 파악을 위해 아래 정보를 기재하여 회신 부탁드립니다. \n\n① TV 모델명 및 제조년월: \n② Wavve 앱 버전 및 업데이트 날짜: \n③ 소프트웨어 상세 정보: (일련번호 / 장치 이름 / webOS 버전 등)\n    - 경로: 설정 > 일반 > 고객지원 > TV 정보 \n④ 상세한 오류 증상: (오류 메시지나 구체적인 증상)\n\n앞으로 더욱 노력하는 Wavve(웨이브)가 되겠습니다. \n감사합니다.
32	[OTT, 크롬캐스트] 기본 조치 방법	안녕하세요, Wavve(웨이브)입니다.\n\n문의하신 크롬캐스트 조치 방법 안내드립니다.  \n\n[크롬캐스트 이용 장애 시 기본 조치 방법]\n① 동일한 Wi-Fi 연결 확인: 크롬캐스트와 모바일 기기가 동일한 Wi-Fi에 연결되어 있는지 확인 바랍니다.  \n(네트워크 이름 뒤의 2.4G와 5G는 서로 다른 신호로 인식될 수 있으므로, 반드시 동일한 명칭의 신호를 잡아야 합니다.) \n② 앱 최적화: Wavve 앱 및 Google Home 앱의 캐시/데이터를 삭제하신 후, 기기 재부팅 및 앱 재설치를 진행 바랍니다\n③ 전원 재연결: 크롬캐스트 본체의 전원 케이블을 분리했다가 다시 연결바랍니다. \n④ 기기 초기화: 위 조치 후에도 해결되지 않을 경우 크롬캐스트 기기를 초기화 바랍니다. \n\n[위 조치 후에도 이용 불가 시 확인 사항]\n① 기기 세대 확인: 이용 중인 크롬캐스트 기기가 몇 세대인가요? (2세대 이상 모델부터 정식 지원됩니다.) \n② 모바일 OS 확인: 이용 중인 기기가 **iOS(아이폰)**인가요, 안드로이드인가요? \n③ 장애 유형 파악\n     - 크롬캐스트 아이콘이 아예 노출되지 않음 여부 확인 필요 \n     - 아이콘은 보이지만 연결 시 오류가 발생 여부 확인 필요 \n     - 연결은 되지만 영상 재생 시에만 문제가 발생 여부 확인 필요 \n④ 콘텐츠 정보: 재생이 안 될 경우, 특정 콘텐츠의 문제인지 확인을 위해 \n    **[콘텐츠 명]** 확인이 필요합니다.  \n⑤ 네트워크 환경: 이용 중인 Wi-Fi의 통신사와 공유기 모델을 확인이 필요합니다.  \n\n※ iOS 이용자 주의사항 \n   - iOS 14 버전 이상부터는 '로컬 네트워크' 권한이 허용되어 있어야 크롬캐스트를 찾을 수 있습니다. \n   - 아이폰 사용자라면 설정 > Wavve > 로컬 네트워크 활성 여부를 확인 하시기 바랍니다. \n\n앞으로 더욱 노력하는 Wavve(웨이브)가 되겠습니다. \n감사합니다.
33	DRM 콘텐츠	안녕하세요, Wavve(웨이브)입니다.\n\n문의하신 개별 구매 관련 안내드립니다. \n\n※ DRM(Digital Rights Management)이란? \n디지털 저작권 관리(DRM)는 저작권자가 배포한 디지털 콘텐츠의 무단 복제 및 배포를 방지하기 위해 적용되는 보안 기술을 의미합니다.\n\nWavve에 업로드된 국내외 드라마, Wavve 오리지널, Only 콘텐츠 등은 저작권자의 요청에 따라 \n대부분 DRM 보안 기술이 적용되어 있습니다.\n\n특정 영상만 재생되지 않는다면, 해당 기기가 DRM 보안 기술을 정상적으로\n지원하지 못해 발생하는 현상일 수 있습니다. 아래 내용을 확인해 주시기 바랍니다.\n\n- 기기 교차 확인: 다른 기기(스마트폰, PC 등)에서 동일한 영상이 정상적으로 재생되는지 확인바랍니다. \n- 권장 사양 확인: 사용 중인 기기가 Wavve 서비스의 권장 사양 및 DRM 재생 환경을 충족하는지 확인 후 시청해 주시기 바랍니다.\n\n앞으로 더욱 노력하는 Wavve(웨이브)가 되겠습니다. \n감사합니다.
34	개별 구매 영화/단건 이용 안내	안녕하세요, Wavve(웨이브)입니다.\n\n문의하신 개별 구매 서비스에 대해 안내드립니다.\n\n[구매 및 시청 기간]\n- 개별 구매 영화는 단건 또는 패키지 상품으로 구매하실 수 있습니다.\n- 구매한 상품은 결제 시 안내된 이용 기간(시청 기간) 내에만 시청이 가능합니다.\n\n[다운로드 안내]\n- 다운로드 지원 여부는 각 상품별로 별도 표기되어 있습니다.\n- 다만, 대부분의 콘텐츠는 DRM(디지털 저작권 관리) 적용으로 인해 다운로드가 제한될 수 있는 점 양해 부탁드립니다.\n\n[기기별 구매 및 시청 방법]\n- PC 및 모바일 웹: 사이트를 통해 즉시 개별 구매가 가능합니다.\n- 안드로이드: 구글 플레이를 통해 코인 충전 후 구매하실 수 있습니다. \n   (※ 구글 정책에 따라 코인 충전 시 수수료가 발생할 수 있습니다.)\n- iOS(아이폰/아이패드): 앱 내 직접 구매는 불가하므로 PC/웹에서 먼저 구매 바랍니다. \n  구매한 상품은 **[MY] > [구매 내역]**에서 확인하거나, 검색창에서 해당 영화를 **[검색]**하여 바로 시청하실 수 있습니다.\n\n앞으로 더욱 노력하는 Wavve(웨이브)가 되겠습니다. \n감사합니다.
35	광고 송출 문의	안녕하세요, Wavve(웨이브)입니다.\n\n문의하신 광고 관련 안내드립니다.  \n\n1. 무료 콘텐츠 및 팝업 광고 안내\n- LIVE 및 무료 VOD : 시청 전 무작위로 광고가 재생되며, 최대 2회까지 송출될 수 있습니다.\n- 팝업 광고 : 시청 중이던 콘텐츠를 팝업 창으로 전환할 때도 광고가 재생될 수 있습니다.\n\n2. 방송사 대체 광고 안내\n- 대체 광고 송출: 방송사의 우선순위 정책에 따라 기존 방송 광고가 대체 광고로 바뀌어 송출될 수 있습니다.\n- 대체 이미지 운영: 방송사의 본 광고보다 대체 광고의 길이가 짧을 경우, 남은 시간은 대체 이미지로 운영됩니다.\n\n3. Quick VOD 및 일반 VOD 광고 차이 안내\n- Quick VOD: 방송사의 라이브 영상을 실시간에 가깝게 제공하는 특성상, 방송 중간 광고가 생략 없이 포함될 수 있습니다.\n- 일반 VOD: 이후 정식으로 업데이트되는 VOD 파일은 중간 광고가 편집된 상태로 제공되니 이용에 참고해 주시기 바랍니다.\n\n앞으로 더욱 노력하는 Wavve(웨이브)가 되겠습니다. \n감사합니다.
36	다운로드	안녕하세요, Wavve(웨이브)입니다.\n\n문의하신 다운로드 서비스와 관련하여 안내드립니다.\n\nWavve(웨이브)에서 제공되는 영상은 방송사 콘텐츠 외에도 \n계약된 유통/배급사의 판권 기준에 따라 제공됩니다. \n\n따라서 모든 콘텐츠의 다운로드가 가능한 것은 아니며, \n다운로드 버튼이 노출되는 콘텐츠만 이용 가능한 점 양해 부탁드립니다.\n\n[유의 사항] \n - 일부 방송 콘텐츠도 CP사(공급사) 정책에 따라 다운로드가 불가할 수 있습니다.\n - 영화를 개별 구매하시는 경우에도 '다운로드 가능' 표기가 된 콘텐츠만 다운로드할 수 있습니다.\n - 다운로드 완료 시, 앱 내 [다운로드] 메뉴에서 목록을 확인하실 수 있습니다.\n - 인터넷 연결이 어려운 환경에서 Wavve 앱 실행 시, 즉시 다운로드 보관함으로 이동하여 시청이 가능합니다.\n\n[추가 안내 사항] 디지털 저작권 보호(DRM) 강화를 위해 \n다운로드 기능이 다음과 같이 변경되었으니 이용에 참고하시기 바랍니다.\n\n1. 모바일 앱 다운로드 기능 업데이트 (2025년 1월 20일 적용)\n  - 대상: 안드로이드 및 iOS 스마트폰/태블릿\n  - 범위 : 안드로이드 및 iOS 스마트폰 및 태블릿\n  - 내용:\n    · 모바일 다운로드 콘텐츠에 DRM(디지털 저작권 보호 장치) 적용\n    · 다운로드 파일은 7일 후 만료, 30일 후 자동 삭제됩니다.\n    · 앱 외 별도 저장소 내 관리 불가, Wavve 앱 내 보관함을 통한 재생만 지원합니다.\n\n2. PC 웹 다운로드 기능 종료 (2025년 1월 14일 적용)\n  - 내용: Wavve PC 웹 사이트를 통한 방송, 영화 등 모든 콘텐츠의 다운로드 서비스가 종료되었습니다.\n  - 참고: PC에서는 스트리밍 시청만 가능하며, 다운로드는 모바일 앱을 이용해 주시기 바랍니다.\n\n앞으로 더욱 노력하는 Wavve(웨이브)가 되겠습니다. \n감사합니다.  
37	무료 VOD 및 QVOD 이용 안내	안녕하세요, Wavve(웨이브)입니다.\n\n문의하신 VOD / QVOD 이용관련 안내드립니다.\n\n1. 무료 VOD 시청 안내\n   - 무료 VOD 콘텐츠는 화면 상단에 ‘무료’ 표시가 되어 있습니다.\n   - 무료 시청 전에는 무작위로 최대 2회의 광고가 재생됩니다.\n\n2. Quick VOD 서비스 안내\n   - Quick VOD는 본 방송 시작 후 약 5분 이내에 해당 회차의 VOD를 즉시 시청할 수 있는 서비스입니다.\n   - 시청 범위 : 본 방송이 진행 중인 시점까지만 시청 가능합니다.\n   - 제공 대상 : 주요 시청 시간대의 인기 프로그램을 중심으로 제공됩니다.\n   - 제한 안내 : SBS 채널은 제공사의 요청으로 2024년 12월 16일부터 Quick VOD 서비스가 중단되었습니다.\n   - 이용권 권한 : 'LIVE+VOD' 통합 이용권 보유 시 시청 가능하며,\n     과거의 'VOD Only' 또는 'LIVE Only' 이용권으로는 이용하실 수 없습니다.\n   - 기기 제한 : 일부 기기에서는 기기 사양에 따라 Quick VOD 서비스가 제공되지 않을 수 있습니다.\n\n3. VOD 제공 정책 안내\n   - VOD는 방송사 및 유통사의 정책에 따라 제공됩니다. \n   - 방송 내용 중 저작권 이슈가 있거나 방송사 사정에 따라 일부 회차의 제공이 제한될 수 있습니다.\n\n일정 확인: 상세한 업데이트 일정은 **[콘텐츠 공지사항]**을 통해 확인해 주시기 바랍니다. \n(https://www.wavve.com/customer/notice_list?filterType=contents)\n\n앞으로 더욱 노력하는 Wavve(웨이브)가 되겠습니다. \n감사합니다.
38	자막 설정 방법	안녕하세요, Wavve (웨이브) 입니다.\n\n말씀해주신 자막 관련 안내드립니다. \n하기 안내드리는 경로를 통해 설정 부탁드립니다. \n\n■ 모바일 자막 설정\n- 방법: 콘텐츠 재생 화면 하단 → [자막/음성] 클릭\n- 설정: 한국어 / 영어 / 끄기 중 선택\n\n■ PC 자막 설정\n- 방법: 콘텐츠 재생 화면 하단 [설정(톱니바퀴)] 클릭\n- 설정: [자막] 메뉴에서 한국어 / 영어 / 끄기 중 선택\n\n자막 설정 옵션(한국어/영어)은 영상별로 제공 여부가 상이할 수 있습니다.\n\n해당 메뉴가 노출되지 않는다면 자막 설정이나\n제외가 불가한 영상이오니 이용에 참고 부탁드립니다.\n\n앞으로 더욱 노력하는 Wavve(웨이브)가 되겠습니다. \n감사합니다.
39	쿠폰 전환 방법 	안녕하세요, Wavve (웨이브)입니다.\n\n문의하신 <11번가 쿠폰 이용 방법>을 안내드립니다.\n\n1. 쿠폰 번호 확인: 11번가 앱/사이트의 [나의 11번가 > e쿠폰/상품권 내역]에서 '쿠폰 코드 복사' 후 \n    '온라인 교환' 버튼을 눌러 모바일 교환권 화면으로 접속합니다.\n    (등록 URL: https://pap.wavve.com/coupon/11st/login.html)\n2. 핀(PIN) 번호 입력: 안내에 따라 [Wavve 모바일 교환권 PIN 인증] 페이지에서 복사한 번호를 '붙여넣기' 한 후 **[쿠폰 교환]**을 클릭합니다.\n3. 로그인: 만약 로그인 페이지가 나타나면, 이용하실 Wavve(웨이브) 아이디로 로그인을 진행바랍니다.  \n4. 이용권 전환: 쿠폰은 등록 후 '사용하기' 단계까지 완료해야 실제 이용권으로 전환됩니다.\n    - [MY > 쿠폰함 > 보유 쿠폰 > 사용하기] 클릭\n\n※  11번가 쿠폰 유효 기간: ~2026년 2월 28일까지\n     - 반드시 유효 기간 내에 등록 및 '사용하기'까지 완료하셔야 이용이 가능합니다.\n\n앞으로 더욱 노력하는 Wavve(웨이브)가 되겠습니다. \n감사합니다.
40	코인 사용 방법	안녕하세요, Wavve(웨이브)입니다.\n\n문의하신 코인 사용 방법 대해 안내드립니다.\n\nWavve 코인과 보너스 코인은 영화플러스 '개별 구매' 및 이용권 정기 결제(2025년 10월 14일 도입) 시에 사용하실 수 있습니다.\n\n[코인 사용 및 이용권 구매 안내]\n- PC 또는 모바일 웹(Web)에서 판매하는 상품에 한해 코인 사용이 가능합니다. (※ 앱 내 결제 시에는 사용 불가)\n- 아이폰 및 아이패드의 경우, 애플 정책에 따라 앱 내에서는 코인 잔액 조회가 불가합니다.\n- 안드로이드 기기의 경우, 구글 정책에 따라 앱 내 이용권 구매 시 코인 사용이 불가합니다. \n- 스마트 TV에서 이용권을 구매 시에는 QR을 통해 모바일 웹(Web)으로 연동되어 구매 가능합니다. \n- 스마트 TV에서 개별 구매 시에는 코인 확인 및 사용도 가능합니다.   \n\n1. 코인으로 구매 가능한 이용권 목록\n   - 광고형 스탠다드 (1개월권)\n   - 베이직 / 스탠다드 / 프리미엄 이용권 (1개월권 및 12개월권)\n※ 주의: 더블 이용권 및 기타 제휴 이용권은 코인으로 구매하실 수 없습니다.\n\n2. 코인으로 이용권 구매 시 유의사항\n- 사용 방식: 정기 결제 시 보유한 코인을 결제 금액에서 차감(할인)하는 방식으로 사용됩니다.\n- 결제 방법: 첫 결제 시 코인 입력창에 금액을 직접 입력하거나, [전액 사용] 버튼을 눌러 할인 금액을 적용할 수 있습니다.\n- 최소 결제 금액: 코인 전액 사용을 선택하더라도, 시스템상 최소 결제 금액 100원은 선택하신 결제 수단으로 실제 결제가 진행됩니다.\n- 코인 소진 순서: 유효기간이 짧은 순서대로 소진되며, 종류별로는 '보너스 코인 → Wavve 코인(유료)' 순으로 차감됩니다.\n- 보너스 코인 정책: 이벤트 등으로 지급된 보너스 코인은 환불, 재지급, 기간 연장이 불가하므로 반드시 유효기간 내에 사용해 주시기 바랍니다.\n\n앞으로 더욱 노력하는 Wavve(웨이브)가 되겠습니다.\n감사합니다.
41	일시중지 / 업로드 지연 / 콘텐츠 요청	안녕하세요, Wavve(웨이브)입니다.\n\nWavve에서 제공하는 영상은 방송사 및 유통사로부터 전달받은 파일을 기반으로 하며,\n각 영상의 제공 정책은 해당 제공사의 기준을 따르고 있습니다.\n\n이에 따라 저작권 및 판권 만료 등 다양한 사유로 기존에 제공되던 영상이 \n더 이상 서비스되지 않거나, 일부 영상의 제공이 지연될 수 있는 점 너른 양해 부탁드립니다.\n\n방송 내용 중 저작권 이슈가 있거나 방송사 사정에 따라 일부 회차의 제공이 제한될 수 있습니다.\n\n일정 확인: 상세한 업데이트 일정은 **[콘텐츠 공지사항]**을 통해 확인해 주시기 바랍니다. \n(https://www.wavve.com/customer/notice_list?filterType=contents)\n\n만족스러운 답변을 드리지 못해 대단히 죄송하며, \n더욱 풍성한 콘텐츠를 제공하기 위해 노력하는 Wavve가 되겠습니다.\n\n감사합니다.  
42	LIVE 채널/시청, 타임머신 안내	안녕하세요, Wavve(웨이브)입니다.\n\n문의하신 서비스 이용 방법에 대해 안내드립니다.\n\n[TV 기기 이용 안내]\n- 콘텐츠 제공사의 요청에 따라, TV 기기에서는 LIVE 서비스를 제공하지 않습니다. (모바일 및 PC 이용 가능)\n- 모바일 기기와 PC에서는 정주행 채널과 홈쇼핑 채널을 무료로 시청하실 수 있습니다. (SD/모바일 화질 제공 및 광고 시청 포함)\n- 무료 LIVE 채널 시청 전에는 무작위로 최대 2회의 광고가 재생됩니다.\n- 무료 시청 시, LIVE 방송을 최대 2시간(120분) 전으로 돌려볼 수 있는 타임머신 및 오디오 모드 기능은 제공되지 않습니다.\n\n[유료 이용권 안내]\n- 모든 LIVE 채널 시청과 타임머신 기능을 원하실 경우, LIVE와 VOD 시청 권한이 포함된 유료 이용권을 구매해 주시기 바랍니다.\n- 유료 채널의 경우 이용권을 보유하지 않으면 시청이 불가능합니다.\n\n※ 참고: 광고형 요금제를 이용하시는 경우에도 타임머신 기능 이용이 제한됩니다.\n\n앞으로 더욱 노력하는 Wavve(웨이브)가 되겠습니다. \n감사합니다.
43	해외 서비스 이용 방법	안녕하세요, Wavve(웨이브)입니다. \n\n문의해주신 해외 서비스(Wavve go) 이용 방법을 안내드립니다.\n\n■ 해외 서비스(Wavve go) 이용 안내\n1. 대상 국가 및 기기\n    - 대상 국가: 싱가포르, 인도네시아, 말레이시아, 필리핀, 베트남, 라오스, 태국 (동남아 7개국)\n    - 이용 가능 기기: Wavve 모바일 앱 (안드로이드, iOS)\n      ※ PC, 모바일 웹(WEB), 스마트 TV, 안드로이드 OTT 기기에서는 이용 불가\n2. 이용 조건 및 방법\n    - 이용권: Wavve 유료 이용권을 보유 중인 회원 (별도 추가 요금 없음)\n    - 사전 설정: 출국 전 국내에서 Wavve 앱을 최신 버전으로 업데이트 후 로그인\n      ([앱 설정 > 해외 서비스 설정] 메뉴에서 인증서 자동 발급 확인)\n    - 이용 기간: 해외에서 콘텐츠를 처음 재생한 시점부터 최대 7일간 이용 가능\n3. 이용 가능 콘텐츠\n    - 시청 가능: 지상파 및 종편 주요 채널의 LIVE 및 방송 VOD\n    - 시청 불가: 영화, 5GX, VR, 프로야구 메뉴 및 일부 저작권 제한 콘텐츠\n    - 기능 제한: 스트리밍(재생)만 가능하며, 콘텐츠 다운로드 및 구매는 불가\n4. 유의 사항\n    - 해외에서 앱 실행 시 **'Wavve go'**라고 표시되어야 정상 서비스 대상 국가입니다.\n    - 현지 네트워크 환경에 따라 스트리밍이 원활하지 않을 수 있으므로 가급적 Wi-Fi 환경에서의 이용을 권장합니다.\n    - 관련 링크 : https://pooq3-static-json.pooq.co.kr/service/wavvego/wavve_go_policy.html \n\n앞으로 더욱 노력하는 Wavve(웨이브)가 되겠습니다. \n감사합니다.
44	SBS 종료	안녕하세요, Wavve(웨이브)입니다.\n\n먼저 이용에 불편을 드리는 소식을 전하게 되어 대단히 죄송한 마음입니다.\n\nWavve에서 제공하는 콘텐츠는 각 방송사 및 배급사와의 계약을 통해 제공되고 있습니다. \n그러나  제공사의 정책 및 편성 기준 변경으로 인해, 아쉽게도 SBS 서비스가 아래와 같이 종료되었습니다. \n\n[SBS 실시간 방송 및 VOD 서비스 종료 안내]\n1. 종료 시점 : 2025년 9월 30일 오전 9시\n2. 시청 가능한 SBS 계열 채널\n    1) VOD : SBS Biz (구 SBS CNBC), SBS funE, SBS Life, SBS Plus\n    2) LIVE : SBS Biz (구 SBS CNBC), THE K-POP, SBS Plus, SBS 라이브 뉴스 24시\n3. 관련 공지: https://www.wavve.com/customer/notice_view?filterType=all&noticeId=4263&pageNum=1&searchWord=\n\n<나는 SOLO>, <나는 SOLO, 그 후 사랑은 계속된다> 등 SBS 계열 채널의 인기 프로그램은 \n계속 시청 가능하오니 많은 이용 부탁드립니다.\n\n더욱 다양한 콘텐츠를 제공해 드릴 수 있도록 부단히 노력하겠습니다. \n감사합니다.
45	UHD(4K) 시청 	안녕하세요, Wavve(웨이브)입니다.\n\n문의하신 UHD(4K) 콘텐츠 시청 관련하여 안내드립니다. \n최상의 화질인 UHD로 감상하시기 위해서는 아래 세 가지 조건이 필요합니다.\n\n1. 이용권 확인\n    - UHD 화질은 Premium(프리미엄) 이용권에서 제공됩니다.\n    - 현재 이용 중인 이용권과 시청 가능한 최고 화질은 [MY] 페이지에서 확인하실 수 있습니다.\n\n2. 지원 디바이스 확인\n    - 지원 기기: UHD(4K)를 지원하는 LG TV, 삼성 TV, 안드로이드 TV, Apple TV 모델\n    - 이용하시는 TV 기기의 실제 UHD 지원 여부는 해당 제조사를 통해 확인해 주시기 바랍니다.\n\n3. 네트워크 환경 확인\n    - 안정적인 시청을 위해 25Mbps 이상의 인터넷 속도가 권장됩니다.\n    - 네트워크 상황이 불안정할 경우 고화질 시청이 원활하지 않을 수 있습니다.\n\n[시청 방법] \n위 환경이 모두 갖춰진 경우, \nUHD 시청이 가능한 콘텐츠의 상세 화면 제목 아래에 [4K] 아이콘이 표시됩니다.\n\n현재 Wavve 오리지널 콘텐츠를 포함해 \n일부 해외 드라마 및 영화를 UHD 화질로 감상하실 수 있습니다. \n\n앞으로도 더 많은 UHD 콘텐츠를 제공할 수 있도록 최선을 다하겠습니다.\n감사합니다.
46	VPN 접속 불가 	안녕하세요, Wavve (웨이브)입니다.\n\n문의하신 VPN 접속 제한과 관련하여 안내드립니다.\n\nWavve는 서비스 보안 강화 및 관련 정책 준수를 위해 VPN(가상 사설망)을 이용한 접속을 제한하고 있습니다.\n\n[VPN 접속 차단 목적]\n- 네트워크 및 이용자 정보 보안 유지\n- 콘텐츠 저작권 보호 및 서비스 안정성 확보\n- 관련 법적 규제 준수\n\n보안 수준을 높이기 위해 관련 정책은 수시로 업데이트되고 있습니다. \n이에 따라 과거에 접속이 가능했더라도 현재는 차단될 수 있는 점 너른 양해 부탁드립니다.\n\n[정상 이용 방법]\n- 국내 거주 사용자의 경우, VPN을 해제(사용 중단)하시면 정상적으로 서비스를 이용하실 수 있습니다.\n- 만약 VPN을 사용하지 않음에도 접속 오류가 발생한다면, \n  이용 중인 네트워크 환경 정보와 함께 [재 문의]주시기 바랍니다.\n\n이러한 조치는 이용자 정보 보호와 안정적인 서비스 운영을 위한 \n필수적인 결정이오니 부디 너그럽게 이해해 주시길 바랍니다.\n\n앞으로 더욱 노력하는 Wavve(웨이브)가 되겠습니다. \n감사합니다.\n
47	유선 상담 연결 요청	안녕하세요, Wavve(웨이브)입니다.\n\n다양한 유형의 고객 경험 데이터에 기반하여 \n이용자분들이 더 쉽고 편리하게 고객센터를 이용할 수 있도록 AICC(AI 컨택센터)가 도입되었습니다.  \n\n2025년 3월 20일(목)부터 기존의 전화 상담원 연결은 종료되며,\nAI 상담사 **'웨이비'**를 비롯한 1:1 게시판, 채팅 상담을 통해\n신속한 안내를 도와드릴 예정입니다. 상세한 변경 사항은 아래 내용을 확인해 주시기 바랍니다.\n\n[주요 변경 사항]\n- 시행 일자: 2025년 3월 20일(목)부터\n- 변경 내용: 전화 상담원 연결 종료 및 AI 상담사 '웨이비' 도입\n- 유지 서비스: 1:1 문의 게시판, 챗봇 및 채팅 상담 (기존과 동일하게 운영)\n\n[이용 안내]\n- 전화 문의(1599-3709): 연결 시 AI 상담사 '웨이비'가 상담을 진행합니다.\n  (상세 확인 필요한 경우, 1:1 게시판 및 채팅 상담 연결 링크를 알림톡 또는 문자로 발송해 드립니다.)\n- 실시간 채팅 상담 운영 시간 : 평일: 09:00 ~ 17:00 (점심시간 12:00 ~ 13:00)\n- 주말 및 공휴일 : 휴무\n\n앞으로도 더 나은 서비스를 제공하기 위해 최선을 다하는 Wavve가 되겠습니다. \n감사합니다.
48	[상담사] 결제 취소 후 결과 안내	안녕하세요, Wavve (웨이브)입니다.\n\n문의해주신 결제 취소 관련하여 안내 드립니다.\n\n요청해주신 상품은 아래와 같이 결제 취소 처리 완료 하였습니다.\n\n■ 결제 취소 \n1. 이용권명 :  00000\n2. 결제 금액 : 00000\n3. 취소 일시 : 00000\n- 결제수단에 따라 반영시까지는 영업일 기준 2~3일 소요됩니다. \n\n앞으로 더욱 노력하는 Wavve(웨이브)가 되겠습니다. \n\n감사합니다. 
49	[상담사] 환불 금액 안내 	안녕하세요, Wavve(웨이브) 입니다.  \n\n문의해주신 <환불> 안내 드립니다.\n\n■ 환불 기준 및 주의 사항\n1. 당사의 <유료상품 이용약관> 제12조 [환불정책] 제2항에 따라\n   결제대행 수수료 및 이용료를 차감한 후 환불이 가능합니다.\n   (약관: https://www.wavve.com/customer/agreement?category=payment)\n2. 결제 주기 시작일부터 해지 신청일까지의 이용료를 일할 계산하여 차감 후 환불 금액이 산정되며, \n    이후 추가 이용이 발생할 경우 환불 금액은 재산정되어 추가 차감이 됩니다. \n    **재산정된 경우, 최종 환불 금액을 확인하신 후 환불 진행에 대한 재동의가 필요합니다.\n3. 할인 혜택이 적용된 상품은 중도 해지 시 1개월 기준 정상가로 환불 금액이 산정됩니다.\n4. 문의 카테고리 [해지/취소/환불 접수] 선택 후, 글 하단 **[환불 정보]**에\n    웨이브 가입자 명의 계좌를 입력해 등록 바랍니다.\n    (※ 개인의 중요 정보를 본문에 기재하지 않도록 주의해 주세요.)\n\n■ 환불 정보 안내\n- 이용권명 :\n- 결제 금액 : 원\n- 이용료: 원( 2026-00-00 ~2026-00-00 /일)\n- 결제 대행 수수료 : 원\n- 환불 가능 금액 : 원\n\n위 환불 금액 확인 후 **입금 동의를 위한 [재문의]를 해주시기 바랍니다.\n답변 시 입금일을 안내드리겠습니다.\n\n환불 금액 변동이 발생하지 않도록 웨이브 추가 사용하지 않은 [미사용]상태로 [재문의]바랍니다. \n\n앞으로도 더욱 노력하는 Wavve(웨이브)가 되겠습니다.\n감사합니다.
50	[상담사] 환불 접수 후 입금일 안내	안녕하세요, Wavve (웨이브)입니다.\n\n문의해주신 환불 접수 후 안내 드립니다.\n\n요청해주신 상품은 아래와 같이 환불 접수 완료 하였습니다.\n\n■ 환불 접수 \n1. 환불 금액 : 000000원 \n2. 입금일 :  000000\n3. 입금자 : 콘텐츠 웨이브 \n\n앞으로 더욱 노력하는 Wavve(웨이브)가 되겠습니다. \n감사합니다.  